Weather,City,Country,Lat,Lng,Max Temp,Humidity,Cloudiness,Wind Speed,Current Description
0,Sedalia,US,38.7045,-93.2283,80.33,67,5,10.0,clear sky
1,Atuona,PF,-9.8,-139.0333,77.56,72,10,15.77,clear sky
2,Iqaluit,CA,63.7506,-68.5145,44.33,93,100,2.3,light rain
3,Rikitea,PF,-23.1203,-134.9692,70.25,60,79,17.76,broken clouds
4,Tiksi,RU,71.6872,128.8694,41.4,81,100,13.2,overcast clouds
5,Port Alfred,ZA,-33.5906,26.891,57.18,83,71,10.25,broken clouds
6,Vaini,TO,-21.2,-175.2,78.96,94,75,5.75,broken clouds
7,Busselton,AU,-33.65,115.3333,58.89,62,99,14.18,light rain
8,Tasiilaq,GL,65.6145,-37.6368,37.69,73,97,3.18,overcast clouds
9,Qaanaaq,GL,77.484,-69.3632,36.07,64,31,4.05,scattered clouds
10,Evinayong,GQ,1.4368,10.5512,66.54,95,100,2.46,overcast clouds
11,Victoria,HK,22.2855,114.1577,89.96,86,75,5.01,light rain
12,Airai,TL,-8.9266,125.4092,75.69,50,42,3.87,scattered clouds
13,Hermanus,ZA,-34.4187,19.2345,53.8,82,98,10.67,overcast clouds
14,Muyezerskiy,RU,63.9333,31.65,68.65,61,99,11.07,overcast clouds
15,Khatanga,RU,71.9667,102.5,69.46,55,33,8.7,light rain
16,Beringovskiy,RU,63.05,179.3167,53.17,75,84,11.07,broken clouds
17,Bluff,NZ,-46.6,168.3333,57.79,72,32,12.77,light rain
18,Punta Arenas,CL,-53.15,-70.9167,35.71,87,0,4.61,clear sky
19,Cape Town,ZA,-33.9258,18.4232,55.9,90,20,12.66,few clouds
20,Albany,US,42.6001,-73.9662,74.03,90,79,2.95,broken clouds
21,Bilibino,RU,68.0546,166.4372,52.29,54,95,11.12,overcast clouds
22,Norman Wells,CA,65.282,-126.8329,75.24,43,75,9.22,broken clouds
23,Alofi,NU,-19.0595,-169.9187,76.89,78,100,12.66,overcast clouds
24,La Seyne-Sur-Mer,FR,43.0982,5.8847,79.88,64,26,3.83,scattered clouds
25,Mahibadhoo,MV,3.7833,72.9667,82.29,77,100,15.86,overcast clouds
26,Kaduqli,SD,11.0167,29.7167,73.92,88,100,3.58,light rain
27,Oga,IT,46.4631,10.347,59.81,87,46,5.03,scattered clouds
28,Little Current,CA,45.9793,-81.9248,63.64,74,0,4.7,clear sky
29,Russellville,US,35.2784,-93.1338,81.18,62,31,2.48,scattered clouds
30,Daura,NG,11.5538,11.4085,72.01,86,82,7.07,broken clouds
31,Lebu,CL,-37.6167,-73.65,50.23,91,100,2.21,overcast clouds
32,Hobart,AU,-42.8794,147.3294,48.06,78,75,16.11,broken clouds
33,Esperance,AU,-33.8667,121.9,58.57,51,43,10.33,scattered clouds
34,Saint-Philippe,RE,-21.3585,55.7679,69.39,64,7,9.69,clear sky
35,Teknaf,BD,20.8624,92.3058,86.95,71,96,11.86,overcast clouds
36,Puerto Ayora,EC,-0.7393,-90.3518,70.56,93,77,8.01,broken clouds
37,New Norfolk,AU,-42.7826,147.0587,47.71,69,66,1.99,broken clouds
38,Hilo,US,19.7297,-155.09,79.29,97,57,5.01,broken clouds
39,Saskylakh,RU,71.9167,114.0833,64.42,47,7,9.01,clear sky
40,Thompson,CA,55.7435,-97.8558,46.56,93,100,13.8,overcast clouds
41,Broome,US,42.2506,-75.833,72.01,95,96,1.01,overcast clouds
42,Thai Binh,VN,20.45,106.3333,82.0,82,100,7.92,moderate rain
43,Burnie,AU,-41.0667,145.9167,56.95,55,22,6.2,few clouds
44,Halifax,CA,44.6453,-63.5724,69.69,97,100,2.3,overcast clouds
45,Ushuaia,AR,-54.8,-68.3,33.46,86,0,2.3,clear sky
46,Awbari,LY,26.5921,12.7805,83.5,23,44,5.99,scattered clouds
47,Kolosovka,RU,56.4678,73.611,73.45,59,40,7.45,scattered clouds
48,Laviana,ES,43.2333,-5.5333,64.4,96,99,2.51,overcast clouds
49,Kruisfontein,ZA,-34.0033,24.7314,49.57,84,45,6.73,scattered clouds
50,Bekovo,RU,52.4663,43.712,74.05,53,45,8.01,scattered clouds
51,Ostrovnoy,RU,68.0531,39.5131,66.02,81,100,17.72,overcast clouds
52,Stromness,GB,58.965,-3.296,54.88,81,100,11.99,overcast clouds
53,Bac Lieu,VN,9.285,105.7244,80.71,77,100,12.8,overcast clouds
54,Kapaa,US,22.0752,-159.319,77.11,83,22,1.01,few clouds
55,Bredasdorp,ZA,-34.5322,20.0403,53.17,88,99,4.12,light rain
56,Harnai,PK,30.1005,67.9374,86.16,56,50,4.27,scattered clouds
57,Butaritari,KI,3.0707,172.7902,82.78,74,87,12.37,overcast clouds
58,Hualmay,PE,-11.0964,-77.6139,61.68,83,75,9.42,broken clouds
59,Talnakh,RU,69.4865,88.3972,61.21,60,62,8.93,broken clouds
60,Price,US,39.5994,-110.8107,78.12,43,67,6.29,broken clouds
61,Nanortalik,GL,60.1432,-45.2371,45.99,94,100,1.9,overcast clouds
62,Harper,LR,4.375,-7.7169,73.94,73,77,3.89,broken clouds
63,Salinopolis,BR,-0.6136,-47.3561,77.76,81,5,10.63,clear sky
64,Okha,RU,53.5739,142.9478,57.07,82,66,22.95,broken clouds
65,Nikolskoye,RU,59.7035,30.7861,72.81,78,83,7.29,broken clouds
66,Mataura,NZ,-46.1927,168.8643,57.47,74,43,4.7,scattered clouds
67,Bathsheba,BB,13.2167,-59.5167,81.05,90,75,15.84,broken clouds
68,Hambantota,LK,6.1241,81.1185,84.54,84,100,16.11,overcast clouds
69,Hasaki,JP,35.7333,140.8333,81.28,70,100,7.23,overcast clouds
70,Shenjiamen,CN,29.9576,122.298,86.81,78,1,13.29,clear sky
71,Georgetown,MY,5.4112,100.3354,89.53,58,20,9.22,few clouds
72,Faanui,PF,-16.4833,-151.75,77.14,79,74,24.65,moderate rain
73,Smirnykh,RU,49.75,142.8333,57.18,93,100,8.66,overcast clouds
74,Qaqortoq,GL,60.7167,-46.0333,45.99,95,100,2.89,overcast clouds
75,Verkhnyaya Inta,RU,65.9811,60.3094,69.49,66,77,12.24,broken clouds
76,Zhangjiakou,CN,40.81,114.8794,94.46,33,71,7.52,broken clouds
77,Camacha,PT,33.0833,-16.3333,67.42,83,75,9.22,broken clouds
78,Kon Tum,VN,14.35,108.0,76.77,86,98,5.46,overcast clouds
79,Upernavik,GL,72.7868,-56.1549,37.54,96,66,8.99,broken clouds
80,Bengkulu,ID,-3.8004,102.2655,83.39,64,7,5.12,clear sky
81,Hamilton,US,39.1834,-84.5333,75.0,94,100,1.01,mist
82,Kawalu,ID,-7.3817,108.2082,86.49,48,86,4.9,overcast clouds
83,Northam,GB,51.0333,-4.2167,48.25,81,70,3.74,broken clouds
84,Laurel,US,39.0993,-76.8483,74.7,96,100,1.01,overcast clouds
85,Mareeba,AU,-17.0,145.4333,89.44,49,59,6.08,broken clouds
86,Masterton,NZ,-40.9597,175.6575,53.89,77,100,7.99,overcast clouds
87,Mount Isa,AU,-20.7333,139.5,78.57,27,36,12.66,scattered clouds
88,Puerto Carreno,CO,6.189,-67.4859,75.33,95,100,3.49,overcast clouds
89,Ribeira Grande,PT,38.5167,-28.7,75.27,83,88,11.43,overcast clouds
90,Cidreira,BR,-30.1811,-50.2056,49.73,79,4,4.61,clear sky
91,Sorland,NO,67.667,12.6934,51.66,90,95,26.96,light rain
92,Jamestown,US,42.097,-79.2353,71.71,72,0,1.99,clear sky
93,Dwarka,IN,22.2394,68.9678,82.76,76,100,6.33,overcast clouds
94,Kavieng,PG,-2.5744,150.7967,83.66,68,75,1.57,broken clouds
95,Geraldton,AU,-28.7667,114.6,64.81,59,4,10.36,clear sky
96,Kaeo,NZ,-35.1,173.7833,61.32,81,72,8.05,broken clouds
97,Kobryn,BY,52.2138,24.3564,67.98,73,13,7.07,few clouds
98,Digoin,FR,46.4812,3.9795,64.49,74,0,5.75,clear sky
99,Kodiak,US,57.79,-152.4072,54.1,81,85,3.67,overcast clouds
100,Barrow,US,71.2906,-156.7887,39.22,93,100,11.5,overcast clouds
101,Adrar,MR,20.5022,-10.0711,91.15,31,38,12.24,scattered clouds
102,Bambous Virieux,MU,-20.3428,57.7575,73.22,62,3,9.78,clear sky
103,Caconda,AO,-13.7333,15.0667,54.25,39,2,5.17,clear sky
104,Azuaga,ES,38.2667,-5.6833,70.97,59,0,3.2,clear sky
105,Hithadhoo,MV,-0.6,73.0833,82.4,72,81,10.49,broken clouds
106,Dingle,PH,10.9995,122.6711,84.99,72,100,4.36,overcast clouds
107,Provost,CA,52.3501,-110.2683,52.66,64,59,4.43,broken clouds
108,Honiara,SB,-9.4333,159.95,83.26,75,96,6.11,overcast clouds
109,Mae Sai,TH,20.4335,99.8762,80.31,86,94,2.91,overcast clouds
110,Henties Bay,NA,-22.116,14.2845,56.03,82,10,3.56,clear sky
111,Luwuk,ID,-0.9516,122.7875,77.11,88,100,2.15,overcast clouds
112,Ubrique,ES,36.6778,-5.446,66.87,63,0,2.62,clear sky
113,Ahar,IR,38.4774,47.0699,72.68,47,0,5.26,clear sky
114,Faridpur,BD,23.6,89.8333,80.28,88,100,11.27,light rain
115,Grebanu,RO,45.3833,26.9667,74.71,56,3,6.98,clear sky
116,Provideniya,RU,64.3833,-173.3,49.91,65,55,12.01,broken clouds
117,Sao Jose Da Coroa Grande,BR,-8.8978,-35.1478,72.57,87,48,3.89,scattered clouds
118,Port Elizabeth,ZA,-33.918,25.5701,52.32,86,51,1.99,broken clouds
119,Moron,AR,-34.6534,-58.6198,50.97,81,1,4.54,clear sky
120,Souillac,MU,-20.5167,57.5167,71.56,57,0,10.18,clear sky
121,Codrington,AU,-38.2667,141.9667,55.51,74,49,6.82,scattered clouds
122,Edson,CA,53.5835,-116.4356,48.09,76,65,3.8,broken clouds
123,North Bend,US,43.4065,-124.2243,59.86,100,100,16.11,mist
124,Babushkin,RU,51.7122,105.8647,51.46,86,100,11.83,overcast clouds
125,Vilyuysk,RU,63.7553,121.6247,53.94,81,100,8.79,overcast clouds
126,Mahebourg,MU,-20.4081,57.7,73.26,61,2,10.18,clear sky
127,Ondjiva,AO,-17.0667,15.7333,58.06,39,0,8.1,clear sky
128,Baglung,NP,28.2719,83.5898,80.56,75,98,1.3,overcast clouds
129,Teguise,ES,29.0605,-13.564,68.22,83,0,18.41,clear sky
130,Lamin,GM,13.3522,-16.4339,77.04,90,98,4.88,overcast clouds
131,Port Moresby,PG,-9.4431,147.1797,82.44,78,99,13.87,overcast clouds
132,Cedar City,US,37.6775,-113.0619,68.4,59,17,5.57,few clouds
133,Ranong,TH,9.9658,98.6348,84.07,72,92,14.58,overcast clouds
134,Qasigiannguit,GL,68.8193,-51.1922,44.85,99,100,3.2,moderate rain
135,Batemans Bay,AU,-35.7167,150.1833,61.11,46,54,10.74,light rain
136,Sao Filipe,CV,14.8961,-24.4956,77.25,82,88,5.64,overcast clouds
137,Latehar,IN,23.75,84.5,90.45,54,100,5.06,overcast clouds
138,Shimoda,JP,34.6667,138.95,78.1,77,96,6.98,overcast clouds
139,Tual,ID,-5.6667,132.75,77.61,87,97,9.8,overcast clouds
140,Syracuse,IT,37.0881,15.2792,70.97,62,0,7.05,clear sky
141,Lensk,RU,60.7253,114.9278,61.03,63,94,10.2,overcast clouds
142,Mutis,CO,6.2262,-77.4044,76.62,90,100,5.53,light rain
143,Damietta,EG,31.4165,31.8133,79.92,71,3,9.42,clear sky
144,Chuy,UY,-33.6971,-53.4616,43.79,91,2,3.33,clear sky
145,Luganville,VU,-15.5333,167.1667,80.98,79,64,10.27,broken clouds
146,Rock Springs,US,41.5875,-109.2029,68.05,87,75,10.36,broken clouds
147,Forli,IT,44.2236,12.0528,79.63,57,0,4.83,clear sky
148,Carnarvon,AU,-24.8667,113.6333,68.88,37,0,7.07,clear sky
149,Revelstoke,CA,50.9832,-118.2023,55.94,76,45,2.15,scattered clouds
150,Lintangan,PH,7.2155,121.952,84.54,74,84,4.09,broken clouds
151,Canico,PT,32.6333,-16.85,71.71,83,75,16.11,broken clouds
152,Qandala,SO,11.472,49.8728,89.82,48,15,5.53,few clouds
153,Buluang,PH,13.3068,123.3425,77.74,92,100,5.46,light rain
154,Saint-Francois,FR,46.4154,3.9054,63.84,68,0,5.75,clear sky
155,Magomeni,TZ,-6.8,39.25,71.87,69,13,4.32,few clouds
156,Muravlenko,RU,63.7898,74.523,69.62,51,99,11.18,overcast clouds
157,Clemencia,CO,10.5665,-75.325,78.94,87,100,11.32,overcast clouds
158,Oeiras Do Para,BR,-2.0031,-49.8544,73.6,93,29,3.09,scattered clouds
159,Tuktoyaktuk,CA,69.4541,-133.0374,62.67,59,89,13.2,overcast clouds
160,Takoradi,GH,4.8845,-1.7554,71.58,86,22,4.52,few clouds
161,Canaway,PH,13.3185,123.7131,77.63,83,100,5.68,overcast clouds
162,Carutapera,BR,-1.195,-46.02,75.45,88,5,7.16,clear sky
163,Dikson,RU,73.5069,80.5464,41.97,99,100,11.25,overcast clouds
164,Berlevag,NO,70.8578,29.0864,55.4,67,96,4.61,overcast clouds
165,Paveh,IR,35.0434,46.3565,89.76,20,0,6.33,clear sky
166,Yellowknife,CA,62.456,-114.3525,53.22,68,90,8.75,overcast clouds
167,Ponta Do Sol,PT,32.6667,-17.1,71.71,81,15,5.48,few clouds
168,Rawson,AR,-43.3002,-65.1023,38.98,82,12,12.55,few clouds
169,Flinders,AU,-34.5833,150.8552,61.88,53,12,15.75,few clouds
170,Chunoyar,RU,57.4467,97.3217,57.63,68,100,5.35,overcast clouds
171,Siavonga,ZM,-16.5382,28.7088,63.09,53,0,4.23,clear sky
172,Gizo,SB,-8.103,156.8419,83.82,72,99,9.51,light rain
173,Elverum,NO,60.8819,11.5623,50.02,71,79,3.58,broken clouds
174,Novoagansk,RU,61.9449,76.6625,69.28,58,100,6.08,overcast clouds
175,Mercedes,AR,-34.6515,-59.4307,43.03,66,0,5.73,clear sky
176,Nicoya,CR,10.1483,-85.452,73.83,93,100,3.47,overcast clouds
177,Itoman,JP,26.1247,127.6694,89.62,74,75,10.36,broken clouds
178,Maesteg,GB,51.6093,-3.6582,51.48,86,56,3.94,broken clouds
179,San Antonio,US,29.4241,-98.4936,85.26,64,0,11.5,clear sky
180,Mata,PT,40.683,-7.4592,63.77,74,10,5.39,clear sky
181,Cap Malheureux,MU,-19.9842,57.6142,73.47,66,9,5.99,clear sky
182,Cherskiy,RU,68.75,161.3,57.07,45,100,6.04,overcast clouds
183,Oxelosund,SE,58.6706,17.1015,55.78,88,0,10.36,clear sky
184,Port Hardy,CA,50.6996,-127.4199,56.07,91,18,9.78,few clouds
185,Nome,US,64.5011,-165.4064,48.27,71,100,14.97,overcast clouds
186,Torbay,CA,47.6666,-52.7314,66.76,91,100,19.57,overcast clouds
187,Namatanai,PG,-3.6667,152.4333,84.81,65,97,3.91,overcast clouds
188,Russell,US,32.3502,-85.1999,79.02,69,90,2.77,overcast clouds
189,Mar Del Plata,AR,-38.0023,-57.5575,42.1,90,99,1.99,overcast clouds
190,Waingapu,ID,-9.6567,120.2641,81.95,63,86,11.59,overcast clouds
191,Le Port,RE,-20.9373,55.2919,73.36,60,27,4.83,scattered clouds
192,Saint Anthony,US,45.0205,-93.218,80.38,72,0,12.66,clear sky
193,Cranbrook,CA,49.4999,-115.7688,56.03,54,100,3.65,overcast clouds
194,Baijiantan,CN,45.6333,85.1833,91.9,18,71,8.59,broken clouds
195,Ust-Kuyga,RU,70.0167,135.6,61.09,49,100,12.64,overcast clouds
196,Bandarbeyla,SO,9.4942,50.8122,81.37,55,63,30.6,broken clouds
197,Viedma,AR,-40.8135,-62.9967,42.84,68,87,8.75,overcast clouds
198,Abeche,TD,13.8292,20.8324,75.92,77,89,4.45,overcast clouds
199,Ilulissat,GL,69.2167,-51.1,44.62,100,100,4.61,overcast clouds
200,Chapais,CA,49.7834,-74.8492,53.92,63,87,5.59,overcast clouds
201,Mount Gambier,AU,-37.8333,140.7667,54.63,84,22,5.39,few clouds
202,Roald,NO,62.5833,6.1333,54.75,93,75,11.5,light rain
203,Santa Fe,AR,-31.6333,-60.7,52.0,76,73,3.0,light rain
204,Kemijarvi,FI,66.7131,27.4306,57.76,97,100,2.91,overcast clouds
205,Ketchikan,US,55.3422,-131.6461,61.27,82,100,5.75,overcast clouds
206,Fort Nelson,CA,58.8053,-122.7002,59.58,61,87,5.21,overcast clouds
207,Cabo San Lucas,MX,22.8909,-109.9124,87.62,71,72,7.23,broken clouds
208,Creel,MX,27.75,-107.6333,58.68,87,100,3.6,overcast clouds
209,Khorramabad,IR,33.4878,48.3558,92.98,17,0,1.45,clear sky
210,Matara,LK,5.9485,80.5353,82.65,72,99,14.14,overcast clouds
211,Glasgow,GB,55.8652,-4.2576,56.91,87,100,5.75,overcast clouds
212,Srednekolymsk,RU,67.45,153.6833,65.48,45,100,3.76,overcast clouds
213,Yorosso,ML,12.3536,-4.7761,71.31,91,87,5.39,overcast clouds
214,Tautira,PF,-17.7333,-149.15,76.17,81,94,27.45,light rain
215,Goure,NE,13.9835,10.2704,79.02,57,45,7.9,scattered clouds
216,Port-Gentil,GA,-0.7193,8.7815,73.63,81,100,12.5,overcast clouds
217,Saint-Prosper,CA,46.2117,-70.4811,54.03,87,5,3.71,clear sky
218,Nemuro,JP,43.3236,145.575,60.85,77,100,8.99,overcast clouds
219,Santa Rosa,PH,14.3122,121.1114,85.01,73,100,4.56,overcast clouds
220,Gat,IL,31.61,34.7642,79.48,100,0,2.93,clear sky
221,Szubin,PL,53.0097,17.74,63.41,82,40,12.66,scattered clouds
222,Cururupu,BR,-1.8283,-44.8683,73.8,91,4,3.83,clear sky
223,Sulangan,PH,11.1373,123.7228,82.13,74,100,2.68,overcast clouds
224,Acapulco,MX,16.8634,-99.8901,77.18,89,100,6.85,moderate rain
225,Kulhudhuffushi,MV,6.6221,73.07,80.58,84,100,16.93,overcast clouds
226,Kapoeta,SS,4.7717,33.5903,77.76,51,83,12.8,broken clouds
227,Barcelona,ES,41.3888,2.159,81.54,65,0,13.8,clear sky
228,Tabou,CI,4.423,-7.3528,73.54,73,49,3.44,scattered clouds
229,Gallup,US,35.5281,-108.7426,71.44,54,20,0.0,few clouds
230,Kishtwar,IN,33.3167,75.7667,69.89,91,100,1.77,overcast clouds
231,Naberera,TZ,-4.2,36.9333,54.59,83,75,8.25,broken clouds
232,Menongue,AO,-14.6585,17.691,52.52,47,0,4.14,clear sky
233,Severo-Kurilsk,RU,50.6789,156.125,59.18,75,96,6.29,overcast clouds
234,Ayan,RU,56.45,138.1667,54.86,98,100,21.47,light rain
235,Leningradskiy,RU,69.3833,178.4167,35.49,97,100,4.59,light rain
236,Vestmannaeyjar,IS,63.4427,-20.2734,53.4,93,100,8.21,overcast clouds
237,Arraial Do Cabo,BR,-22.9661,-42.0278,69.15,79,47,15.93,scattered clouds
238,Brindisi,IT,40.5833,17.6667,78.78,40,0,5.53,clear sky
239,Rocha,UY,-34.4833,-54.3333,40.19,92,2,1.95,clear sky
240,Port Hedland,AU,-20.3167,118.5667,80.65,18,0,11.5,clear sky
241,High Level,CA,58.5169,-117.136,58.51,66,10,5.57,clear sky
242,Salalah,OM,17.0151,54.0924,77.09,100,100,6.91,light intensity drizzle
243,San Juan Evangelista,MX,17.9,-95.1333,73.49,93,59,4.32,broken clouds
244,Inta,RU,66.0317,60.1659,70.03,64,78,11.81,broken clouds
245,Jumla,NP,29.2747,82.1838,72.19,73,100,4.41,overcast clouds
246,Puquio,PE,-14.7,-74.1333,45.82,57,98,3.02,overcast clouds
247,Zeya,RU,53.75,127.2667,57.06,97,100,11.05,light rain
248,Namibe,AO,-15.1961,12.1522,60.33,89,1,6.71,clear sky
249,Akhmim,EG,26.5622,31.745,85.53,38,48,12.59,scattered clouds
250,Tommot,RU,58.9564,126.2925,52.79,98,100,5.44,moderate rain
251,Porto Novo,BJ,6.4965,2.6036,71.6,89,50,5.03,scattered clouds
252,Chitral,PK,35.8462,71.7858,82.89,36,0,4.83,clear sky
253,Mulchen,CL,-37.7167,-72.2333,48.11,100,100,2.04,moderate rain
254,Vila Franca Do Campo,PT,37.7167,-25.4333,70.21,91,100,7.36,light rain
255,Rio Grande City,US,26.3798,-98.8203,83.1,68,94,17.02,overcast clouds
256,Omboue,GA,-1.5746,9.2618,70.34,86,81,7.52,broken clouds
257,Longyearbyen,SJ,78.2186,15.6401,49.84,76,75,8.05,broken clouds
258,Labuan,MY,5.2767,115.2417,78.67,85,100,23.47,overcast clouds
259,Chokurdakh,RU,70.6333,147.9167,60.31,42,16,7.23,few clouds
260,Hwange,ZW,-18.3693,26.5019,60.21,58,0,2.06,clear sky
261,Umm Lajj,SA,25.0213,37.2685,87.57,68,57,0.81,light rain
262,Prince Rupert,CA,54.3161,-130.3201,56.79,94,100,1.68,overcast clouds
263,Altayskoye,RU,51.9533,85.3325,71.76,41,0,8.79,clear sky
264,Moose Factory,CA,51.2585,-80.6094,70.36,66,100,15.35,overcast clouds
265,Kidal,ML,18.4411,1.4078,87.46,43,50,8.46,scattered clouds
266,Pasewalk,DE,53.5063,13.99,60.42,81,52,9.35,broken clouds
267,Buncrana,IE,55.1333,-7.45,52.5,89,87,6.11,overcast clouds
268,Burgas,BG,42.5061,27.4678,71.71,78,20,3.44,few clouds
269,Pangnirtung,CA,66.1451,-65.7125,42.35,95,100,0.43,overcast clouds
270,Remontnoye,RU,46.5614,43.6501,80.89,34,91,8.77,overcast clouds
271,Bethel,US,41.3712,-73.414,77.31,92,0,0.0,clear sky
272,Dongsheng,CN,39.8161,109.9776,88.93,39,81,13.62,broken clouds
273,Narsaq,GL,60.9167,-46.05,46.62,94,100,3.71,overcast clouds
274,Komsomolskiy,UZ,40.4272,71.7189,91.81,19,0,7.74,clear sky
275,Ancud,CL,-41.8697,-73.8203,40.23,88,6,6.8,clear sky
276,Alekseyevka,RU,50.6309,38.6903,69.57,59,87,8.39,overcast clouds
277,Sitka,US,57.0531,-135.33,60.69,82,100,3.44,light rain
278,Castro,BR,-24.7911,-50.0119,54.68,91,35,9.22,scattered clouds
279,Kodinsk,RU,58.6881,99.1844,57.07,74,100,4.29,overcast clouds
280,Starozhilovo,RU,54.2254,39.916,79.05,63,7,6.73,clear sky
281,Nioro,GM,13.35,-15.75,74.23,96,100,3.13,overcast clouds
282,Saint-Augustin,CA,51.226,-58.6502,58.24,53,22,9.98,few clouds
283,Villena,ES,38.6373,-0.8657,73.45,71,1,0.72,clear sky
284,Kifri,IQ,34.6959,44.9661,104.27,14,0,7.38,clear sky
285,Port Lincoln,AU,-34.7333,135.8667,56.75,63,58,15.61,moderate rain
286,Katsuura,JP,35.1333,140.3,77.67,73,100,7.47,overcast clouds
287,Namie,JP,37.4833,141.0,78.71,75,100,1.01,overcast clouds
288,Aklavik,CA,68.2191,-135.0107,66.51,56,96,13.24,overcast clouds
289,Biu,NG,10.6129,12.1946,66.56,95,84,5.84,broken clouds
290,Smithers,CA,54.7804,-127.1743,57.74,73,79,4.25,broken clouds
291,Kasama,ZM,-10.2129,31.1808,53.01,75,16,2.84,few clouds
292,Ziarat,PK,30.3823,67.7282,70.95,45,58,1.72,broken clouds
293,Okhotsk,RU,59.3833,143.3,57.56,86,100,17.49,overcast clouds
294,Delta Del Tigre,UY,-34.7633,-56.3853,42.91,78,1,6.31,clear sky
295,Lompoc,US,34.6391,-120.4579,62.78,92,100,5.75,overcast clouds
296,Cayenne,GF,4.9333,-52.3333,82.09,1,0,0.0,clear sky
297,Tomatlan,MX,19.9333,-105.25,76.6,96,100,1.66,overcast clouds
298,Bajil,YE,15.0584,43.2851,88.3,52,93,4.18,overcast clouds
299,Caravelas,BR,-17.7125,-39.2481,71.64,81,3,9.19,clear sky
300,Riyadh,SA,24.6877,46.7219,96.94,16,5,11.21,clear sky
301,Punganuru,IN,13.3667,78.5833,74.75,77,100,16.44,overcast clouds
302,Kamenka,RU,51.3223,42.7678,75.79,42,3,12.03,clear sky
303,Udachnyy,RU,66.4167,112.4,51.84,79,100,27.69,moderate rain
304,Breves,BR,-1.6822,-50.4803,73.22,93,33,3.6,scattered clouds
305,Lindi,TZ,-10.0,39.7167,69.13,78,6,5.12,clear sky
306,Cabedelo,BR,-6.9811,-34.8339,70.47,85,9,10.89,clear sky
307,Villamontes,BO,-21.25,-63.5,59.85,65,87,0.69,overcast clouds
308,Wufeng,CN,27.45,104.8333,72.09,73,44,4.05,scattered clouds
309,Canto Do Buriti,BR,-8.11,-42.9444,74.03,52,2,6.38,clear sky
310,Pacific Grove,US,36.6177,-121.9166,65.43,84,100,6.91,overcast clouds
311,Iquique,CL,-20.2208,-70.1431,59.04,87,82,3.91,broken clouds
312,Kaitangata,NZ,-46.2817,169.8464,53.74,76,91,5.99,overcast clouds
313,Labuhan,ID,-6.8844,112.2051,87.73,51,37,1.19,scattered clouds
314,Javanrud,IR,34.7961,46.5172,91.71,20,0,7.61,clear sky
315,Quang Ngai,VN,15.1167,108.8,90.23,58,98,6.06,overcast clouds
316,Coahuayana,MX,18.7333,-103.6833,77.76,89,64,3.42,broken clouds
317,Vavozh,RU,56.7751,51.931,73.09,61,90,2.46,overcast clouds
318,Krynychky,UA,48.3755,34.467,71.01,68,29,9.04,scattered clouds
319,Margate,GB,51.3813,1.3862,59.7,79,86,5.08,overcast clouds
320,Kostino,RU,58.9097,53.2691,70.65,68,98,2.42,overcast clouds
321,Djambala,CG,-2.5447,14.7533,67.01,78,24,5.79,few clouds
322,Kailua,US,21.4022,-157.7394,82.38,78,75,5.75,broken clouds
323,Fukue,JP,32.6881,128.8419,84.92,80,69,13.58,broken clouds
324,Vostok,RU,46.4856,135.8833,74.93,75,100,6.44,overcast clouds
325,Baruun-Urt,MN,46.6806,113.2792,67.89,69,98,14.23,overcast clouds
326,Lososina,RU,48.9975,140.3106,62.13,98,100,13.71,overcast clouds
327,Vredendal,ZA,-31.6683,18.5012,49.93,77,43,2.1,scattered clouds
328,Saldanha,ZA,-33.0117,17.9442,53.51,90,1,11.63,clear sky
329,Beyneu,KZ,45.3167,55.2,87.06,19,50,12.15,scattered clouds
330,Sangar,RU,63.9242,127.4739,57.79,97,100,3.8,light rain
331,Kharan,PK,28.5833,65.4167,92.89,29,50,10.29,scattered clouds
332,Belaya Gora,RU,68.5333,146.4167,63.81,39,100,1.66,overcast clouds
333,Kutum,SD,14.2,24.6667,75.79,62,98,7.52,overcast clouds
334,Correntina,BR,-13.3433,-44.6367,68.99,46,4,1.34,clear sky
335,Ostersund,SE,63.1792,14.6357,48.65,100,75,5.75,light rain
336,East London,ZA,-33.0153,27.9116,58.96,74,20,8.84,few clouds
337,Praya,CV,14.9215,-23.5087,77.11,84,91,7.4,overcast clouds
338,Monte Alegre,BR,-2.0078,-54.0692,74.59,83,38,4.12,scattered clouds
339,Elat,IL,29.5581,34.9482,89.44,43,7,11.5,clear sky
340,Kudahuvadhoo,MV,2.6708,72.8944,82.56,74,100,13.87,overcast clouds
341,Hovd,MN,48.0056,91.6419,67.24,41,44,8.79,scattered clouds
342,Ilhabela,BR,-23.7781,-45.3581,64.06,86,18,2.77,few clouds
343,Vestmanna,FO,62.1564,-7.1664,49.12,93,75,9.22,broken clouds
344,Alexandria,EG,31.2156,29.9553,79.43,67,0,8.52,clear sky
345,Vieste,IT,41.8825,16.175,80.67,54,0,6.64,clear sky
346,Lagoa,PT,39.05,-27.9833,74.14,86,58,11.83,light rain
347,Grindavik,IS,63.8424,-22.4338,50.47,100,100,8.05,light intensity drizzle
348,Umm Kaddadah,SD,13.6017,26.6876,81.77,62,100,10.78,overcast clouds
349,Atbasar,KZ,51.8,68.3333,74.55,40,76,10.6,broken clouds
350,Qingdao,CN,36.0986,120.3719,91.31,64,42,7.96,scattered clouds
351,Farmington,US,36.7281,-108.2187,79.48,47,0,6.91,clear sky
352,Hobyo,SO,5.3505,48.5268,78.48,73,32,25.05,scattered clouds
353,Bethlehem,BR,-1.4558,-48.5044,78.84,83,0,10.36,clear sky
354,Mayumba,GA,-3.432,10.6554,67.89,91,22,4.72,few clouds
355,Avera,US,33.194,-82.5271,77.56,84,100,6.29,overcast clouds
356,Arman,RU,59.7,150.1667,62.02,79,96,6.15,overcast clouds
357,Villa Del Rosario,CO,7.8339,-72.4742,73.78,100,75,2.3,fog
358,Makubetsu,JP,45.3714,141.8211,67.77,86,100,3.38,overcast clouds
359,Manyana,BW,-23.4,21.7167,52.61,31,5,7.52,clear sky
360,Bangolo,CI,7.0069,-7.475,69.67,91,100,2.55,overcast clouds
361,Shache,CN,38.4167,77.2406,70.72,83,100,1.3,overcast clouds
362,Kieta,PG,-6.2167,155.6333,83.64,65,100,4.94,overcast clouds
363,Palmeira,BR,-25.4294,-50.0064,48.83,98,5,5.68,clear sky
364,Valparaiso,CL,-33.0393,-71.6273,53.24,87,100,1.14,overcast clouds
365,Yerbogachen,RU,61.2767,108.0108,48.33,88,100,8.05,overcast clouds
366,Beloha,MG,-25.1667,45.05,67.08,75,90,7.52,overcast clouds
367,Shelburne,CA,44.0787,-80.2041,68.76,91,0,5.7,clear sky
368,Fortuna,US,40.5982,-124.1573,61.93,85,33,1.48,scattered clouds
369,Abadiania,BR,-16.2042,-48.7069,64.54,43,8,2.26,clear sky
370,San Vicente,AR,-26.6167,-54.1333,44.87,97,11,3.51,few clouds
371,Kungurtug,RU,50.5994,97.5228,63.05,32,11,8.63,few clouds
372,Trinidad,BO,-14.8333,-64.9,69.55,74,100,3.47,light rain
373,Rundu,NA,-17.9333,19.7667,55.15,44,0,4.72,clear sky
374,San Patricio,US,28.017,-97.5169,84.09,69,100,12.59,overcast clouds
375,Poum,NC,-20.2333,164.0167,76.01,81,18,10.18,few clouds
376,Kangaatsiaq,GL,68.3065,-53.4641,41.47,90,100,20.98,overcast clouds
377,Cardston,CA,49.2,-113.3019,53.83,54,97,9.31,overcast clouds
378,Lavrentiya,RU,65.5833,-171.0,47.34,67,67,8.23,broken clouds
379,Bilma,NE,18.6853,12.9164,87.48,41,60,12.28,broken clouds
380,Aberdeen,GB,57.1437,-2.0981,52.29,84,86,5.75,overcast clouds
381,Porbandar,IN,21.6422,69.6093,82.38,83,75,6.91,haze
382,Tulcea,RO,45.1667,28.8,75.24,78,75,5.75,broken clouds
383,Pisco,PE,-13.7,-76.2167,56.01,88,75,2.3,mist
384,Teguldet,RU,57.3064,88.1667,72.18,41,72,4.27,broken clouds
385,Matay,EG,28.419,30.7792,79.21,57,5,13.0,clear sky
386,Vardo,NO,70.3705,31.1107,53.58,82,100,2.3,overcast clouds
387,Evensk,RU,61.95,159.2333,52.65,97,100,5.64,overcast clouds
388,La Ronge,CA,55.1001,-105.2842,50.25,81,84,4.27,broken clouds
389,Sibiti,CG,-3.6819,13.3499,61.07,93,17,2.3,few clouds
390,Yarega,RU,63.4354,53.5765,76.87,52,61,6.33,broken clouds
391,Chokwe,MZ,-24.5333,32.9833,65.16,83,0,2.93,clear sky
392,Sivaki,RU,52.6333,126.75,70.45,53,93,16.02,overcast clouds
393,Nabire,ID,-3.3667,135.4833,80.83,81,100,3.36,overcast clouds
394,Atasu,KZ,48.6814,71.6433,73.0,28,89,17.38,overcast clouds
395,Tall Kayf,TR,37.0833,41.0667,88.14,24,5,7.58,clear sky
396,Husavik,IS,66.0449,-17.3389,50.13,73,70,7.94,broken clouds
397,Lorengau,PG,-2.0226,147.2712,84.4,69,42,5.97,scattered clouds
398,Svetlogorsk,BY,52.6333,29.7333,69.24,75,2,5.57,clear sky
399,Avarua,CK,-21.2078,-159.775,75.25,69,100,6.91,overcast clouds
400,Padang,ID,-0.9492,100.3543,87.85,64,19,5.01,few clouds
401,Nantucket,US,41.2835,-70.0995,78.91,97,0,3.44,mist
402,Isangel,VU,-19.55,169.2667,78.71,71,17,9.42,few clouds
403,Payo,ID,-3.7508,103.6372,90.12,52,62,2.24,broken clouds
404,Saint George,US,37.1041,-113.5841,88.63,40,0,5.75,clear sky
405,Kahului,US,20.8947,-156.47,82.42,73,20,11.5,few clouds
406,Petropavlovsk-Kamchatskiy,RU,53.0452,158.6483,66.79,73,20,15.66,few clouds
407,Ornes,NO,66.8689,13.7078,50.23,82,100,10.18,light rain
408,Chicama,PE,-7.8447,-79.1469,62.51,85,96,5.17,overcast clouds
409,Esna,EG,25.2934,32.554,90.48,24,26,12.46,scattered clouds
410,Quelimane,MZ,-17.8786,36.8883,64.56,86,0,2.68,clear sky
411,Ewa Beach,US,21.3156,-158.0072,82.35,72,0,8.05,clear sky
412,Las Palmas,ES,28.4204,-14.0131,68.79,88,0,18.41,clear sky
413,Kuznechikha,RU,57.2161,42.3348,73.69,61,23,4.7,few clouds
414,Touros,BR,-5.1989,-35.4608,71.13,91,8,10.16,clear sky
415,Kijang,KR,35.2442,129.2139,89.44,65,73,14.61,broken clouds
416,Ambilobe,MG,-13.2,49.05,71.94,55,57,3.33,broken clouds
417,Santa Cruz,BO,-17.8,-63.1667,63.86,77,75,4.61,broken clouds
418,Madimba,TZ,-10.4,40.3333,71.06,79,7,6.85,clear sky
419,Meerssen,NL,50.8875,5.75,54.09,94,35,2.3,scattered clouds
420,Wanning,CN,18.8003,110.3967,85.32,77,100,8.93,heavy intensity rain
421,Nianzishan,CN,47.5167,122.8833,86.9,33,80,5.61,broken clouds
422,Luderitz,NA,-26.6481,15.1594,58.46,59,94,2.68,overcast clouds
423,Constitucion,CL,-35.3333,-72.4167,52.5,94,100,0.96,overcast clouds
424,Tongliao,CN,43.6125,122.2653,90.9,39,81,6.78,broken clouds
425,Clyde River,CA,70.4692,-68.5914,37.63,93,100,19.57,mist
426,Ochakiv,UA,46.6128,31.5498,73.81,73,23,12.91,few clouds
427,Doha,QA,25.2867,51.5333,100.71,51,12,4.61,few clouds
428,Dunedin,NZ,-45.8742,170.5036,53.8,75,100,1.41,light rain
429,Te Anau,NZ,-45.4167,167.7167,49.91,79,38,5.08,scattered clouds
430,Tahe,CN,52.3333,124.7333,74.03,40,77,13.31,broken clouds
431,Mago,RU,53.2514,140.1822,77.58,56,100,11.43,overcast clouds
432,Asfi,MA,32.2994,-9.2372,68.16,92,0,14.45,clear sky
433,Ahipara,NZ,-35.1667,173.1667,58.77,84,76,8.12,broken clouds
434,Senanga,ZM,-16.1167,23.2667,55.11,56,0,5.77,clear sky
435,Sobolevo,RU,54.4299,31.8996,67.91,83,3,6.87,clear sky
436,Kendari,ID,-3.945,122.4989,86.09,56,99,4.03,moderate rain
437,Mahur,IN,25.1667,93.1167,76.66,90,98,2.24,overcast clouds
438,Tuatapere,NZ,-46.1333,167.6833,53.02,74,21,5.55,moderate rain
439,Klaksvik,FO,62.2266,-6.589,50.92,85,70,9.35,broken clouds
440,Camana,PE,-16.6228,-72.7111,59.65,89,59,7.31,broken clouds
441,San Policarpo,PH,12.1791,125.5072,83.52,73,100,9.95,overcast clouds
442,Balakhninskiy,RU,58.0106,114.2769,61.48,66,87,6.87,light rain
443,Lasa,IT,46.6166,10.7002,59.68,85,48,4.45,scattered clouds
444,Meybod,IR,32.2501,54.0166,89.31,17,0,0.87,clear sky
445,Ekimchan,RU,53.0667,132.9667,69.13,86,99,2.68,light rain
446,Jalu,LY,29.0331,21.5482,79.45,38,0,6.53,clear sky
447,Corrente,BR,-3.7367,-43.3394,69.42,98,5,1.99,clear sky
448,Fensmark,DK,55.2792,11.8038,57.24,74,0,13.04,clear sky
449,Bagdarin,RU,54.4333,113.6,65.28,42,39,10.22,scattered clouds
450,Pevek,RU,69.7008,170.3133,36.05,98,100,6.62,light rain
451,Illela,NG,13.7292,5.2975,78.75,73,72,9.28,broken clouds
452,Los Llanos De Aridane,ES,28.6585,-17.9182,69.55,78,100,16.11,overcast clouds
453,Gawler,AU,-34.6,138.7333,60.15,78,22,15.35,light rain
454,Staryy Nadym,RU,65.6118,72.6842,67.86,62,86,8.88,overcast clouds
455,Scarborough,GB,54.2797,-0.4044,49.91,84,63,1.01,broken clouds
456,Horta,PT,38.5333,-28.6333,74.48,83,89,9.15,overcast clouds
457,Norwalk,US,33.9022,-118.0817,81.75,73,0,9.22,clear sky
458,College,US,64.8569,-147.8028,57.15,81,75,5.75,broken clouds
459,Lima,PE,-12.0432,-77.0282,57.45,88,100,9.22,overcast clouds
460,Moshi,TZ,-3.35,37.3333,63.21,81,79,4.18,broken clouds
461,Deputatskiy,RU,69.3,139.9,51.28,74,100,4.76,light rain
462,Gubkinskiy,RU,64.434,76.5026,71.74,49,82,13.2,broken clouds
463,Eenhana,NA,-17.4667,16.3333,57.96,40,0,7.7,clear sky
464,Mikhaylovka,RU,50.06,43.2379,76.69,37,3,11.56,clear sky
465,Manaure,CO,11.7751,-72.4445,80.64,78,33,16.51,scattered clouds
466,Marang,MY,5.2056,103.2059,84.07,68,99,1.72,overcast clouds
467,Manta,EC,-0.95,-80.7333,71.38,88,100,11.5,overcast clouds
468,Iralaya,HN,15.0,-83.2333,77.74,84,100,7.99,overcast clouds
469,Teavaro,PF,-17.5,-149.7667,76.48,78,75,8.05,moderate rain
470,Sibolga,ID,1.7427,98.7792,85.33,58,56,4.41,broken clouds
471,Rio Gallegos,AR,-51.6226,-69.2181,33.85,93,100,2.3,overcast clouds
472,Damghan,IR,36.1683,54.348,82.33,30,1,4.68,clear sky
473,Guerrero Negro,MX,27.9769,-114.0611,71.31,87,16,12.73,few clouds
474,Potiskum,NG,11.7091,11.0694,73.26,84,76,8.3,broken clouds
475,Jinchang,CN,38.4953,102.1739,86.13,30,74,17.29,broken clouds
476,Pryazha,RU,61.6926,33.6216,71.58,63,21,7.72,few clouds
477,Wajima,JP,37.4,136.9,84.69,71,97,7.85,overcast clouds
478,Solnechnyy,RU,50.7214,136.6319,68.81,99,100,5.37,overcast clouds
479,Kure,JP,34.2333,132.5667,90.32,76,23,9.91,few clouds
480,Pacifica,US,37.6138,-122.4869,66.52,85,75,11.01,broken clouds
481,Srivardhan,IN,18.0333,73.0167,78.73,92,100,11.56,overcast clouds
482,Kasamwa,TZ,-2.85,32.4333,64.92,58,60,8.25,broken clouds
483,Key West,US,24.5557,-81.7826,87.8,71,0,17.27,clear sky
484,Gaziantep,TR,37.0594,37.3825,82.33,54,0,2.3,clear sky
485,North Platte,US,41.1239,-100.7654,84.38,67,0,11.99,clear sky
486,Pitimbu,BR,-7.4706,-34.8086,70.39,84,10,9.75,clear sky
487,Russkaya Polyana,UA,49.417,31.9201,70.63,69,0,9.53,clear sky
488,Belyy Yar,RU,53.6039,91.3903,71.49,42,0,2.24,clear sky
489,Kirensk,RU,57.7853,108.1119,50.94,97,100,9.71,light rain
490,Vanderhoof,CA,54.0166,-124.0198,54.14,69,44,4.74,scattered clouds
491,Faya,SA,18.3851,42.4509,63.12,64,92,1.28,overcast clouds
492,Morro Da Fumaca,BR,-28.6508,-49.21,55.15,80,98,4.16,overcast clouds
493,San Rafael,AR,-34.6177,-68.3301,51.49,58,100,11.77,overcast clouds
494,Great Falls,US,47.5002,-111.3008,62.42,41,20,12.66,few clouds
495,Nouakchott,MR,18.0858,-15.9785,77.29,83,27,11.05,scattered clouds
496,Sabang,ID,5.8933,95.3214,82.87,73,100,16.31,overcast clouds
497,Livingstone,ZM,-17.8419,25.8543,58.26,55,0,3.29,clear sky
498,Coquimbo,CL,-29.9533,-71.3436,51.53,93,0,2.3,clear sky
499,Apac,UG,1.9756,32.5386,70.36,74,91,2.26,overcast clouds
500,Nogales,MX,31.3086,-110.9422,74.25,78,0,0.0,clear sky
501,Lanzhou,CN,36.0564,103.7922,90.95,39,11,5.21,few clouds
502,Grand Gaube,MU,-20.0064,57.6608,74.37,62,7,5.01,clear sky
503,Winslow,US,35.0242,-110.6974,75.38,43,0,8.05,clear sky
504,Bowen,AU,-20.0167,148.2333,74.77,77,29,8.34,scattered clouds
505,Kanniyakumari,IN,8.0833,77.5667,81.64,70,98,21.39,overcast clouds
506,Itarantim,BR,-15.6597,-40.0656,62.04,95,35,1.34,scattered clouds
507,Koungheul,SN,13.9833,-14.8,74.17,95,100,4.5,overcast clouds
508,Turayf,SA,31.6725,38.6637,91.35,28,16,6.15,few clouds
509,Vryburg,ZA,-26.9566,24.7284,49.87,39,98,6.24,overcast clouds
510,Fayaoue,NC,-20.65,166.5333,77.09,78,18,10.98,light rain
511,Belmonte,BR,-15.8631,-38.8828,71.37,84,35,8.16,scattered clouds
512,Ikon-Khalk,RU,44.3051,41.9142,69.66,62,7,9.57,clear sky
513,Santa Marta,CO,11.2408,-74.199,78.98,85,98,11.86,overcast clouds
514,Wisconsin Rapids,US,44.3836,-89.8174,72.21,85,0,4.61,clear sky
515,Port Hueneme,US,34.1478,-119.1951,75.79,90,0,6.91,clear sky
516,Xapuri,BR,-10.6517,-68.5044,70.0,98,99,0.98,overcast clouds
517,Launceston,AU,-41.45,147.1667,55.15,64,71,18.41,broken clouds
518,Ponta Delgada,PT,37.7333,-25.6667,70.52,100,75,2.3,broken clouds
519,Palmer,US,42.1584,-72.3287,76.86,83,0,0.0,clear sky
520,Sarangani,PH,5.4033,125.4636,83.55,71,77,8.25,broken clouds
521,Fairbanks,US,64.8378,-147.7164,57.16,82,75,5.75,broken clouds
522,Khandyga,RU,62.6667,135.6,74.75,50,100,7.74,overcast clouds
523,Muisne,EC,0.6,-80.0333,73.83,85,100,10.09,overcast clouds
524,Makakilo City,US,21.3469,-158.0858,80.92,71,0,8.05,clear sky
525,Alice Springs,AU,-23.7,133.8833,67.55,22,0,11.5,clear sky
526,Redcar,GB,54.6166,-1.06,52.45,57,66,3.0,broken clouds
527,Vaitape,PF,-16.5167,-151.75,77.13,79,77,24.92,moderate rain
528,Coihueco,CL,-36.6167,-71.8333,48.94,93,100,10.36,mist
529,Keflavik,IS,64.0049,-22.5624,50.43,100,100,8.05,light intensity drizzle
530,Tilichiki,RU,60.4667,166.1,55.22,88,95,3.85,overcast clouds
531,Tete,MZ,-16.1564,33.5867,59.09,88,20,0.0,mist
532,Homestead,US,25.4687,-80.4776,84.02,83,0,8.05,clear sky
533,Ligayan,PH,4.6533,119.4706,82.67,77,49,16.58,light rain
534,Biak,ID,-0.9131,122.8766,74.28,90,100,2.59,overcast clouds
535,Huambo,AO,-12.7761,15.7392,53.53,41,2,1.05,clear sky
536,Nadym,RU,65.5333,72.5167,68.31,61,82,9.1,broken clouds
537,Zuwarah,LY,32.9312,12.082,79.03,63,0,8.68,clear sky
538,Diapaga,BF,12.0708,1.7889,71.65,94,94,4.83,overcast clouds
539,Kununurra,AU,-15.7667,128.7333,89.58,19,98,10.36,overcast clouds
540,Praia Da Vitoria,PT,38.7333,-27.0667,72.75,98,92,8.14,light rain
541,Nipawin,CA,53.3668,-104.0009,45.64,93,58,6.64,broken clouds
542,Olafsvik,IS,64.8945,-23.7142,52.05,94,100,8.75,overcast clouds
543,Sola,VU,-13.8833,167.55,80.78,77,92,18.16,overcast clouds
544,Clyde,US,41.3042,-82.9752,76.55,89,64,8.57,broken clouds
545,Hildesheim,DE,52.1508,9.9511,56.71,96,0,3.71,clear sky
546,Monrovia,LR,6.3005,-10.7969,75.47,83,100,7.99,overcast clouds
547,Pochutla,MX,15.7432,-96.4661,76.82,92,100,3.11,overcast clouds
548,Ashqelon,IL,31.6693,34.5715,80.49,69,0,3.91,clear sky
549,Milkovo,RU,54.7167,158.6167,79.38,49,7,1.5,clear sky
550,Acarau,BR,-2.8856,-40.12,75.81,86,1,12.41,clear sky
551,Soyo,AO,-6.1349,12.3689,68.74,79,71,6.51,broken clouds
552,Paamiut,GL,61.994,-49.6678,44.26,97,100,2.3,overcast clouds
553,Toppenish,US,46.3774,-120.3087,69.35,23,0,1.3,clear sky
554,Kant,IN,27.8,79.8,89.19,62,100,6.55,overcast clouds
555,Navsari,IN,20.9524,72.9324,82.29,78,91,10.38,overcast clouds
556,Alba,PL,52.0324,23.1165,71.47,67,42,5.12,scattered clouds
557,Tigil,RU,57.8,158.6667,68.92,57,40,7.83,scattered clouds
558,Wollongong,AU,-34.4333,150.8833,66.07,50,9,15.43,clear sky
559,Palu,ID,-0.8917,119.8707,85.15,75,76,3.58,broken clouds
560,Verkhnetulomskiy,RU,68.6073,31.7962,53.73,98,100,4.5,overcast clouds
561,Azangaro,PE,-14.9167,-70.2167,40.15,79,88,0.98,overcast clouds
562,Huarmey,PE,-10.0681,-78.1522,61.99,86,60,7.87,broken clouds
563,Veraval,IN,20.9,70.3667,83.53,75,100,3.69,overcast clouds
564,Pangai,TO,-19.8,-174.35,77.14,85,100,14.92,light rain
565,Vydrino,RU,51.485,104.8461,49.82,89,100,6.22,overcast clouds
566,Dumka,IN,24.2667,87.25,89.13,64,100,10.31,overcast clouds
567,Manuk Mangkaw,PH,4.8,119.85,82.09,78,34,15.03,scattered clouds
568,Primo Tapia,MX,32.22,-116.9172,73.94,76,6,9.8,clear sky
569,Chai Badan,TH,15.2,101.1333,77.29,86,100,6.96,overcast clouds
570,Kampot,KH,10.6167,104.1833,82.45,81,100,6.2,moderate rain
571,Orotukan,RU,62.2667,151.7,73.92,45,39,14.34,scattered clouds
572,Celestun,MX,20.8667,-90.4,78.55,79,34,10.74,scattered clouds
573,Sawakin,SD,19.1059,37.3321,89.74,57,72,14.14,broken clouds
574,Xam Nua,LA,20.4197,104.0439,71.28,98,100,0.87,overcast clouds
575,Kinshasa,CD,-4.3246,15.3215,68.88,72,17,5.3,few clouds
576,La Baule-Escoublac,FR,47.2922,-2.364,55.71,77,0,9.22,clear sky
577,Timmins,CA,48.4669,-81.3331,60.62,88,75,5.75,broken clouds
578,Gazimurskiy Zavod,RU,51.5461,118.3266,73.98,44,16,11.41,few clouds
579,Borovichi,RU,58.3878,33.9155,73.49,64,61,7.4,broken clouds
580,Gemena,CD,3.25,19.7667,69.1,100,100,2.48,moderate rain
581,Ocos,GT,14.5094,-92.1933,73.58,79,78,5.1,broken clouds
582,Maningrida,AU,-12.0667,134.2667,87.69,53,35,13.8,scattered clouds
583,Vila Velha,BR,-20.3297,-40.2925,75.15,78,100,9.22,overcast clouds
584,Guarapari,BR,-20.6667,-40.4975,73.89,83,30,15.19,scattered clouds
585,Terney,RU,45.0503,136.6092,69.87,100,100,4.76,overcast clouds
586,Zhezkazgan,KZ,47.8043,67.7144,76.98,27,0,20.13,clear sky
587,Bolobo,CD,-2.1667,16.2333,71.74,78,31,3.29,scattered clouds
588,Jalor,IN,25.35,72.6167,87.06,65,66,5.3,broken clouds
589,Sretensk,RU,52.2453,117.7093,74.37,48,38,10.04,light rain
590,Rurrenabaque,BO,-14.4413,-67.5278,69.3,100,100,1.72,moderate rain
591,Kantang,TH,7.4054,99.5156,82.9,74,99,3.47,light rain
592,Nelson Bay,AU,-32.7167,152.15,68.05,47,0,11.01,clear sky
593,Kholmogory,RU,64.2229,41.656,72.18,64,9,7.45,clear sky
594,Kirby,US,29.4633,-98.3856,85.08,64,75,11.5,broken clouds
595,Ucluelet,CA,48.9329,-125.5528,64.09,80,2,7.18,clear sky
596,Laguna,US,38.421,-121.4238,78.46,72,0,12.66,clear sky
597,Ayagoz,KZ,47.9714,80.4392,73.09,23,0,10.92,clear sky
598,Qui Nhon,VN,13.7667,109.2333,91.22,56,97,9.46,overcast clouds
599,Lomovka,RU,53.9194,58.3672,72.95,50,3,2.75,clear sky
600,Les Cayes,HT,18.2,-73.75,78.67,81,52,0.38,broken clouds
601,Hingoli,IN,19.7167,77.15,80.22,78,98,11.01,overcast clouds
602,Ust-Omchug,RU,61.15,149.6333,64.9,57,77,14.29,broken clouds
603,Pahrump,US,36.2083,-115.9839,83.25,58,63,5.01,broken clouds
604,Parsabad,IR,39.6482,47.9174,84.52,51,0,6.91,clear sky
605,Manado,ID,1.487,124.8455,79.57,94,75,6.91,broken clouds
606,Xinzhi,CN,36.4989,111.7047,100.51,35,7,8.84,clear sky
607,Yulara,AU,-25.2406,130.9889,63.86,20,0,5.79,clear sky
608,Macusani,PE,-14.0833,-70.4333,34.97,91,96,4.85,overcast clouds
609,Kavaratti,IN,10.5669,72.642,80.65,84,100,22.01,overcast clouds
610,Melekhovo,RU,56.2773,41.2935,71.64,68,87,3.31,overcast clouds
611,General Artigas,PY,-26.9333,-56.2167,48.06,93,0,5.32,clear sky
612,Odweyne,SO,9.4092,45.064,74.01,49,2,24.94,clear sky
613,San Cristobal,VE,7.7669,-72.225,68.18,98,97,1.39,overcast clouds
614,Joshimath,IN,30.5667,79.5667,79.32,75,57,6.58,broken clouds
615,Koumac,NC,-20.5667,164.2833,76.6,77,39,6.89,scattered clouds
616,Pavlovsk,RU,50.4578,40.1081,76.64,44,67,11.36,broken clouds
617,Myskhako,RU,44.6714,37.7433,78.58,66,0,2.73,clear sky
618,Brainerd,US,46.358,-94.2008,77.29,88,100,13.8,thunderstorm with rain
619,Kansanshi,ZM,-12.0951,26.4273,53.91,63,6,4.79,clear sky
620,Amot,NO,59.5714,7.9877,48.76,79,56,5.7,broken clouds
621,Owasso,US,36.2695,-95.8547,88.05,64,20,14.97,few clouds
622,Sanger,US,36.708,-119.556,84.81,61,0,13.8,clear sky
623,Kirakira,SB,-10.4544,161.9205,84.25,73,97,11.99,overcast clouds
624,Taltal,CL,-25.4,-70.4833,52.03,87,28,3.51,scattered clouds
625,Novosheshminsk,RU,55.0651,51.2338,74.8,53,36,4.25,scattered clouds
626,Broken Hill,AU,-31.95,141.4333,59.72,33,1,21.88,clear sky
627,Wenchi,GH,7.7392,-2.1046,65.97,97,83,4.63,broken clouds
628,Emba,KZ,48.8264,58.1442,78.71,29,87,17.22,overcast clouds
629,Asau,RO,46.4333,26.4,67.28,70,2,2.86,clear sky
630,Wencheng,CN,33.0559,113.7978,96.4,49,34,14.63,scattered clouds
631,Halmstad,SE,56.6745,12.8568,59.2,65,40,17.27,scattered clouds
632,Araxa,BR,-19.5933,-46.9406,66.16,52,0,3.44,clear sky
633,Henderson,US,36.0397,-114.9819,88.72,42,0,5.75,clear sky
634,Ola,RU,59.5833,151.2833,62.15,81,93,12.48,overcast clouds
635,Anadyr,RU,64.75,177.4833,61.3,51,0,15.66,clear sky
636,Port Blair,IN,11.6667,92.75,80.64,89,100,10.36,moderate rain
637,Palmas Bellas,PA,9.2319,-80.0867,79.34,91,100,6.13,overcast clouds
638,Galich,RU,58.3797,42.3475,74.21,57,56,4.41,broken clouds
639,Yinchuan,CN,38.4681,106.2731,98.73,28,3,7.36,clear sky
640,Ginir,ET,7.1333,40.7,60.8,68,73,10.18,broken clouds
641,Missoula,US,47.0166,-113.8009,61.2,46,45,6.89,scattered clouds
642,Ixtapa,MX,20.7,-105.2,79.83,89,100,3.44,thunderstorm
643,Aykhal,RU,66.0,111.5,48.74,90,100,29.21,moderate rain
644,Ambon,ID,-3.6954,128.1814,78.94,89,40,3.44,light rain
645,Fare,PF,-16.7,-151.0167,76.91,79,62,25.08,moderate rain
646,Adolfo Lopez Mateos,MX,28.4667,-107.3,63.7,66,85,4.54,overcast clouds
647,Vernon,CA,50.2581,-119.2691,61.16,57,63,2.3,broken clouds
648,Fortuna Foothills,US,32.6578,-114.4119,98.69,33,0,6.91,clear sky
649,Inhambane,MZ,-23.865,35.3833,60.78,100,20,3.44,fog
650,Niksar,TR,40.5917,36.9517,73.27,74,50,2.46,scattered clouds
651,Arlit,NE,18.7369,7.3853,87.53,40,48,3.06,scattered clouds
652,Nishihara,JP,26.1842,127.7558,88.88,79,75,11.5,broken clouds
653,Sinnamary,GF,5.3833,-52.95,76.42,85,3,8.81,clear sky
654,Mehamn,NO,71.0357,27.8492,55.35,67,66,5.75,broken clouds
655,Vyksa,RU,55.3175,42.1744,74.86,56,48,3.8,scattered clouds
656,Barabash,RU,43.2,131.4833,84.74,64,75,8.57,broken clouds
657,Hokitika,NZ,-42.7167,170.9667,53.55,94,100,9.57,overcast clouds
658,Ghanzi,BW,-21.5667,21.7833,56.14,25,0,7.78,clear sky
659,Mangrol,IN,21.1167,70.1167,83.12,75,100,2.82,overcast clouds
660,Puerto Colombia,CO,10.9878,-74.9547,80.69,86,100,17.0,overcast clouds
661,Trindade,BR,-16.6494,-49.4889,62.35,36,1,3.49,clear sky
662,Homer,US,59.6425,-151.5483,57.07,76,0,15.99,clear sky
663,Hirara,JP,24.8,125.2833,89.46,70,75,11.5,broken clouds
664,Lakes Entrance,AU,-37.8811,147.981,61.16,58,18,7.36,few clouds
665,Ngunguru,NZ,-35.6167,174.5,59.36,81,82,10.76,broken clouds
666,Roudnice,CZ,50.1762,15.6517,63.41,98,100,11.5,moderate rain
667,Banjar,ID,-8.19,114.9675,88.38,50,63,1.88,broken clouds
668,Tirano,IT,46.2154,10.1679,72.32,99,11,6.42,few clouds
669,Shenkursk,RU,62.1091,42.896,72.52,61,1,6.42,clear sky
670,Huangnihe,CN,43.5583,128.0239,84.06,52,42,9.42,scattered clouds
671,Kathmandu,NP,27.7167,85.3167,75.42,83,75,0.0,moderate rain
672,Masuda,JP,34.6667,131.85,89.87,66,40,11.5,thunderstorm
673,Cascais,PT,38.6979,-9.4215,68.94,88,66,10.0,broken clouds
674,Puerto Suarez,BO,-18.95,-57.8,69.49,77,93,1.43,overcast clouds
675,Jabinyanah,TN,35.035,10.9081,78.6,63,32,7.7,scattered clouds
676,Tura,IN,25.5198,90.2201,75.83,95,99,4.47,overcast clouds
677,Daitari,IN,21.1,85.75,86.05,63,99,5.14,moderate rain
678,Sol-Iletsk,RU,51.1631,54.9918,78.8,40,98,13.22,overcast clouds
679,Progreso,MX,21.2833,-89.6667,78.12,81,14,10.56,few clouds
680,Atar,MR,20.5169,-13.0499,87.24,42,2,7.45,clear sky
681,Alta Floresta,BR,-9.8756,-56.0861,71.24,49,12,3.22,few clouds
682,Arroio Grande,BR,-32.2375,-53.0869,43.43,94,2,3.09,clear sky
683,Matadi,CD,-5.8167,13.45,67.51,83,81,5.95,broken clouds
684,Pyshma,RU,56.9523,63.2513,75.07,50,23,4.12,few clouds
685,Kabare,CD,-2.4683,28.8242,61.14,78,68,1.19,broken clouds
686,Saint-Georges,GD,12.0564,-61.7485,79.77,82,62,14.92,broken clouds
687,Mackay,AU,-21.15,149.2,80.69,84,11,8.86,few clouds
688,Vanavara,RU,60.34,102.2797,50.45,86,97,7.92,overcast clouds
689,Jacmel,HT,18.2342,-72.5347,76.84,81,21,1.59,few clouds
690,Horsham,GB,51.064,-0.3272,56.44,75,0,4.61,clear sky
691,Chesma,RU,53.8111,60.6533,72.25,52,5,4.99,clear sky
692,Meulaboh,ID,4.1363,96.1285,84.67,63,85,2.59,overcast clouds
693,Tsaratanana,MG,-16.7833,47.65,67.66,52,0,8.1,clear sky
694,Forestville,US,38.8451,-76.875,74.05,96,0,4.61,clear sky
695,Wangqing,CN,43.3218,129.7634,88.3,43,85,5.06,overcast clouds
696,Ak-Dovurak,RU,51.1833,90.6,69.17,34,3,2.48,clear sky
697,Guanica,PR,17.9716,-66.908,81.05,82,85,5.48,overcast clouds
698,Hoopstad,ZA,-27.8327,25.9083,48.56,47,91,5.37,overcast clouds
699,Wana,PK,32.2989,69.5725,81.46,57,30,6.42,scattered clouds
700,Kiunga,PG,-6.1219,141.2906,84.58,79,90,1.43,overcast clouds
701,Xining,CN,36.6167,101.7667,79.81,54,57,3.62,broken clouds
702,Natal,BR,-5.795,-35.2094,70.45,100,20,4.61,few clouds
703,Sehithwa,BW,-20.4667,22.7167,56.88,36,0,3.4,clear sky
704,Axim,GH,4.8699,-2.2405,71.98,82,29,5.03,scattered clouds
705,Colac,AU,-38.3333,143.5833,54.18,77,100,4.07,overcast clouds
706,Shaunavon,CA,49.6501,-108.4181,47.98,76,33,7.94,scattered clouds
707,Brigantine,US,39.4101,-74.3646,79.0,88,0,4.61,clear sky
708,Tonj,SS,7.2737,28.6822,70.75,95,94,3.31,overcast clouds
709,Petatlan,MX,17.5167,-101.2667,75.38,93,54,4.68,broken clouds
710,Egvekinot,RU,66.3167,-179.1667,51.8,47,75,22.12,broken clouds
711,Canguaretama,BR,-6.38,-35.1289,69.98,92,5,8.19,clear sky
712,Fort-Shevchenko,KZ,44.5086,50.263,79.32,69,100,27.85,light rain
713,Gladstone,AU,-23.85,151.25,71.78,83,100,3.44,overcast clouds
714,Iroquois Falls,CA,48.7669,-80.6831,61.14,69,41,7.9,scattered clouds
715,Puerto Narino,CO,-3.7703,-70.3831,71.85,99,100,1.34,overcast clouds
716,Tezu,IN,27.9167,96.1667,92.39,63,34,3.42,scattered clouds
717,Byron Bay,AU,-28.65,153.6167,72.95,51,73,5.41,broken clouds
718,Pouebo,NC,-20.4,164.5667,77.72,77,31,6.44,scattered clouds
719,Petauke,ZM,-14.2426,31.3253,61.47,50,0,6.82,clear sky
720,La Paz,BO,-16.5,-68.15,39.18,100,75,8.05,fog
721,Saluzzo,IT,44.6464,7.4862,75.29,77,0,4.61,clear sky
722,Gogrial,SS,8.5332,28.1004,71.35,96,100,4.63,overcast clouds
723,Bageshwar,IN,29.85,79.7667,78.75,81,77,0.87,broken clouds
724,Half Moon Bay,US,37.4636,-122.4286,67.53,85,100,8.05,overcast clouds
725,Boone,US,39.0334,-92.3335,81.79,80,19,8.46,few clouds
726,Samarai,PG,-10.6167,150.6667,81.28,80,31,12.28,scattered clouds
727,Rossano,IT,39.5751,16.6349,77.36,50,0,5.97,clear sky
728,Svirstroy,RU,60.7999,33.7248,72.54,65,56,7.72,broken clouds
729,Senno,RU,59.5336,33.9167,74.26,73,43,6.15,scattered clouds
